configuration,accuracy,macro_f1,consistent_recall,mismatched_recall,predicted_mismatch_rate
Full fusion,1.0,1.0,1.0,1.0,0.6904
Without resolution,0.9044,0.8897524879928524,0.8719315245478036,0.918960023174971,0.6741
Without rules,0.8651,0.8368035345862306,0.7246447028423773,0.92808516801854,0.726
Semantic only,0.82295,0.78929639428382,0.6836240310077519,0.8854287369640788,0.70925
Without semantic,0.7885,0.7518070995491162,0.6524547803617571,0.8495075318655851,0.6941
Rule only,0.7089,0.6796647966654414,0.6569767441860465,0.7321842410196987,0.6117
Resolution only,0.6514,0.5525606469002695,0.29295865633074936,0.8121378910776361,0.7796
